{
    "precisao": 0.8266666666666667,
    "perda": 0.025439490000734564
}